a,b,sum
8198902759252748290,8496175355608436118,16695078114861184408
8544708484926658190,2954441940510962271,11499150425437620461
7571199752948904143,6003307928028718830,13574507680977622973
8669645230210494648,7826698452738364512,16496343682948859160
4911082358641871488,1324977996376442154,6236060355018313642
4432615488575142151,2817183516162751905,7249799004737894056
4664697089950990009,3782419656048605251,8447116745999595260
2607558610598509205,7245635712887094785,9853194323485603990
2862634297712026332,2263070860261139274,5125705157973165606
6222911322177063154,3227610517958265301,9450521840135328455
